spec,rho,mu,intervention_penalty,noise_scale,eta_c_probability,delta_vs_reference
high_cumulative_stress,0.82,0.28,0.145,1.0,0.20717319813647575,-0.00636528920211224
high_memory,0.92,0.18,0.145,1.0,0.22580319822065423,0.012264710882066238
high_noise,0.82,0.18,0.145,1.3,0.21362948260781808,9.099526923009305e-05
low_cumulative_stress,0.82,0.1,0.145,1.0,0.219308518536851,0.005770031198262998
low_memory,0.65,0.18,0.145,1.0,0.2092421836834392,-0.004296303655148798
low_noise,0.82,0.18,0.145,0.7,0.21338172417221837,-0.00015676316636961674
reference,0.82,0.18,0.145,1.0,0.213538487338588,0.0
