eta,a,c,scalar_mean,batch_mean,abs_mean_diff,scalar_std,batch_std,abs_std_diff,scalar_q50,batch_q50,abs_q50_diff
0.08,0.1,0.01,0.5367809665009364,0.5365907459143062,0.00019022058663020758,0.0034603064814150214,0.003610489533356908,0.00015018305194188647,0.5367603567686924,0.5365908279502469,0.00016952881844545242
0.14,0.2,0.02,0.14558057206948102,0.1452413430377526,0.0003392290317284219,0.003428106103100712,0.0034593988034976007,3.129270039688853e-05,0.14546531988411177,0.14518656172255612,0.0002787581615556478
0.22,0.3,0.05,-0.32967608987014285,-0.32939567848274587,0.0002804113873969838,0.003310220983094794,0.0032913537165419754,1.886726655281855e-05,-0.3295826244674964,-0.32949080114493295,9.182332256346681e-05
